{"cameraMode":{"drawMode":0,"name":"Shaded","section":"Shading Mode"},"sceneLighting":false,"audioPlay":false,"sceneViewState":{"showFog":false,"showMaterialUpdate":false,"showSkybox":false,"showFlares":false,"showImageEffects":false,"showParticleSystems":false},"in2DMode":false,"pivot":{"x":0.0,"y":0.043326109647750857,"z":-0.00005030632019042969},"rotation":{"x":-0.2524651885032654,"y":-0.6771465539932251,"z":0.2684318423271179,"w":-0.6369287371635437},"size":12.700726509094239,"orthographic":true}