{"cameraMode":{"drawMode":0,"name":"Shaded","section":"Shading Mode"},"sceneLighting":false,"audioPlay":false,"sceneViewState":{"showFog":false,"showMaterialUpdate":false,"showSkybox":false,"showFlares":false,"showImageEffects":false,"showParticleSystems":false},"in2DMode":false,"pivot":{"x":-2.482069492340088,"y":1.5555970668792725,"z":-3.1178038120269777},"rotation":{"x":-0.00265427865087986,"y":-0.9968352913856506,"z":0.06978724151849747,"w":-0.03797610104084015},"size":10.027132034301758,"orthographic":true}