{"cameraMode":{"drawMode":0,"name":"Shaded","section":"Shading Mode"},"sceneLighting":false,"audioPlay":false,"sceneViewState":{"showFog":false,"showMaterialUpdate":false,"showSkybox":false,"showFlares":false,"showImageEffects":false,"showParticleSystems":false},"in2DMode":false,"pivot":{"x":0.000002384185791015625,"y":0.3015788495540619,"z":-0.0015704631805419922},"rotation":{"x":-0.29328933358192446,"y":0.6297828555107117,"z":-0.2785274088382721,"w":-0.6631571054458618},"size":12.895848274230957,"orthographic":true}