{"cameraMode":{"drawMode":0,"name":"Shaded","section":"Shading Mode"},"sceneLighting":false,"audioPlay":false,"sceneViewState":{"showFog":false,"showMaterialUpdate":false,"showSkybox":false,"showFlares":false,"showImageEffects":false,"showParticleSystems":false},"in2DMode":false,"pivot":{"x":0.0,"y":-0.21573640406131745,"z":-0.00005030632019042969},"rotation":{"x":0.40229707956314089,"y":0.5937093496322632,"z":-0.4461159110069275,"w":0.5353941917419434},"size":12.623800277709961,"orthographic":false}