{"cameraMode":{"drawMode":0,"name":"Shaded","section":"Shading Mode"},"sceneLighting":false,"audioPlay":false,"sceneViewState":{"showFog":false,"showMaterialUpdate":false,"showSkybox":false,"showFlares":false,"showImageEffects":false,"showParticleSystems":false},"in2DMode":false,"pivot":{"x":0.8560252785682678,"y":2.157635450363159,"z":-4.209965705871582},"rotation":{"x":0.0939183384180069,"y":0.9003539681434631,"z":-0.34910789132118227,"w":0.24221046268939973},"size":0.8573656678199768,"orthographic":true}