{"cameraMode":{"drawMode":0,"name":"Shaded","section":"Shading Mode"},"sceneLighting":false,"audioPlay":false,"sceneViewState":{"showFog":false,"showMaterialUpdate":false,"showSkybox":false,"showFlares":false,"showImageEffects":false,"showParticleSystems":false},"in2DMode":false,"pivot":{"x":0.0,"y":1.6134296655654908,"z":0.4785991907119751},"rotation":{"x":-0.12386010587215424,"y":-0.5717089176177979,"z":0.08777713775634766,"w":-0.8062894940376282},"size":15.262710571289063,"orthographic":true}