{"cameraMode":{"drawMode":0,"name":"Shaded","section":"Shading Mode"},"sceneLighting":false,"audioPlay":false,"sceneViewState":{"showFog":false,"showMaterialUpdate":false,"showSkybox":false,"showFlares":false,"showImageEffects":false,"showParticleSystems":false},"in2DMode":false,"pivot":{"x":16.200000762939454,"y":1.5773277282714844,"z":-0.08771133422851563},"rotation":{"x":0.15937669575214387,"y":-0.6613762974739075,"z":0.14677615463733674,"w":0.7180788516998291},"size":5.636995315551758,"orthographic":true}