{"cameraMode":{"drawMode":0,"name":"Shaded","section":"Shading Mode"},"sceneLighting":false,"audioPlay":false,"sceneViewState":{"showFog":false,"showMaterialUpdate":false,"showSkybox":false,"showFlares":false,"showImageEffects":false,"showParticleSystems":false},"in2DMode":false,"pivot":{"x":-2.9802322387695315e-8,"y":0.37014707922935488,"z":1.1920928955078126e-7},"rotation":{"x":-0.15806101262569428,"y":-0.28553763031959536,"z":0.047812581062316897,"w":-0.9440333247184753},"size":2.6443474292755129,"orthographic":true}