{"cameraMode":{"drawMode":0,"name":"Shaded","section":"Shading Mode"},"sceneLighting":false,"audioPlay":false,"sceneViewState":{"showFog":false,"showMaterialUpdate":false,"showSkybox":false,"showFlares":false,"showImageEffects":false,"showParticleSystems":false},"in2DMode":false,"pivot":{"x":7.581699371337891,"y":-0.21573640406131745,"z":11.694950103759766},"rotation":{"x":0.3755723834037781,"y":0.610944390296936,"z":-0.4041237235069275,"w":0.5677820444107056},"size":47.54704666137695,"orthographic":false}