{"cameraMode":{"drawMode":0,"name":"Shaded","section":"Shading Mode"},"sceneLighting":false,"audioPlay":false,"sceneViewState":{"showFog":true,"showMaterialUpdate":true,"showSkybox":true,"showFlares":true,"showImageEffects":true,"showParticleSystems":true},"in2DMode":false,"pivot":{"x":-2.450000047683716,"y":1.598467469215393,"z":-1.316922903060913},"rotation":{"x":0.0645759329199791,"y":0.9125723838806152,"z":-0.3712809085845947,"w":0.15872015058994294},"size":8.439764022827149,"orthographic":false}