{"cameraMode":{"drawMode":0,"name":"Shaded","section":"Shading Mode"},"sceneLighting":false,"audioPlay":false,"sceneViewState":{"showFog":false,"showMaterialUpdate":false,"showSkybox":false,"showFlares":false,"showImageEffects":false,"showParticleSystems":false},"in2DMode":false,"pivot":{"x":0.0,"y":37.39999771118164,"z":0.44250011444091799},"rotation":{"x":0.32316523790359499,"y":-0.6605168581008911,"z":0.38073307275772097,"w":0.5606461763381958},"size":125.03087615966797,"orthographic":true}