{"cameraMode":{"drawMode":0,"name":"Shaded","section":"Shading Mode"},"sceneLighting":false,"audioPlay":false,"sceneViewState":{"showFog":false,"showMaterialUpdate":false,"showSkybox":false,"showFlares":false,"showImageEffects":false,"showParticleSystems":false},"in2DMode":false,"pivot":{"x":0.0,"y":0.36185646057128909,"z":-1.4901161193847657e-7},"rotation":{"x":-0.11087772250175476,"y":0.8209475874900818,"z":-0.17060455679893495,"w":-0.5335216522216797},"size":1.6810625791549683,"orthographic":true}