{"cameraMode":{"drawMode":0,"name":"Shaded","section":"Shading Mode"},"sceneLighting":false,"audioPlay":false,"sceneViewState":{"showFog":false,"showMaterialUpdate":false,"showSkybox":false,"showFlares":false,"showImageEffects":false,"showParticleSystems":false},"in2DMode":false,"pivot":{"x":20.257972717285158,"y":1.879954218864441,"z":4.070225238800049},"rotation":{"x":-0.12438450008630753,"y":0.5978256464004517,"z":-0.09457419067621231,"w":-0.7862498760223389},"size":12.260885238647461,"orthographic":true}