{"cameraMode":{"drawMode":0,"name":"Shaded","section":"Shading Mode"},"sceneLighting":false,"audioPlay":false,"sceneViewState":{"showFog":false,"showMaterialUpdate":false,"showSkybox":false,"showFlares":false,"showImageEffects":false,"showParticleSystems":false},"in2DMode":false,"pivot":{"x":0.0,"y":0.5761558413505554,"z":-0.06375479698181153},"rotation":{"x":-0.29328933358192446,"y":0.6297828555107117,"z":-0.2785274088382721,"w":-0.6631571054458618},"size":13.263240814208985,"orthographic":true}