{"cameraMode":{"drawMode":0,"name":"Shaded","section":"Shading Mode"},"sceneLighting":false,"audioPlay":false,"sceneViewState":{"showFog":false,"showMaterialUpdate":false,"showSkybox":false,"showFlares":false,"showImageEffects":false,"showParticleSystems":false},"in2DMode":false,"pivot":{"x":0.8560252785682678,"y":2.157635450363159,"z":-4.209965705871582},"rotation":{"x":-0.014423204585909844,"y":-0.982849657535553,"z":0.1615322232246399,"w":-0.08778320252895355},"size":0.40010392665863039,"orthographic":true}