{"cameraMode":{"drawMode":0,"name":"Shaded","section":"Shading Mode"},"sceneLighting":false,"audioPlay":false,"sceneViewState":{"showFog":false,"showMaterialUpdate":false,"showSkybox":false,"showFlares":false,"showImageEffects":false,"showParticleSystems":false},"in2DMode":false,"pivot":{"x":5.5031843185424809,"y":1.028519630432129,"z":-5.125658988952637},"rotation":{"x":0.16723734140396119,"y":-0.6806025505065918,"z":0.16395816206932069,"w":0.6942115426063538},"size":10.573287010192871,"orthographic":false}