{"cameraMode":{"drawMode":0,"name":"Shaded","section":"Shading Mode"},"sceneLighting":false,"audioPlay":false,"sceneViewState":{"showFog":false,"showMaterialUpdate":false,"showSkybox":false,"showFlares":false,"showImageEffects":false,"showParticleSystems":false},"in2DMode":false,"pivot":{"x":4.163035869598389,"y":-1.8802770376205445,"z":7.567342281341553},"rotation":{"x":0.32316523790359499,"y":-0.6605168581008911,"z":0.38073307275772097,"w":0.5606461763381958},"size":29.938961029052736,"orthographic":true}