{"cameraMode":{"drawMode":0,"name":"Shaded","section":"Shading Mode"},"sceneLighting":false,"audioPlay":false,"sceneViewState":{"showFog":false,"showMaterialUpdate":false,"showSkybox":false,"showFlares":false,"showImageEffects":false,"showParticleSystems":false},"in2DMode":false,"pivot":{"x":0.0380437970161438,"y":1.1962854862213135,"z":-0.008890807628631592},"rotation":{"x":0.024643130600452424,"y":0.9011735916137695,"z":-0.42965933680534365,"w":0.05168887972831726},"size":6.387953281402588,"orthographic":false}