{"cameraMode":{"drawMode":0,"name":"Shaded","section":"Shading Mode"},"sceneLighting":false,"audioPlay":false,"sceneViewState":{"showFog":false,"showMaterialUpdate":false,"showSkybox":false,"showFlares":false,"showImageEffects":false,"showParticleSystems":false},"in2DMode":false,"pivot":{"x":0.0,"y":0.17333590984344483,"z":-0.0018414109945297242},"rotation":{"x":-0.015415419824421406,"y":0.9833022952079773,"z":-0.15102458000183106,"w":-0.10035207867622376},"size":1.5614713430404664,"orthographic":true}