{"cameraMode":{"drawMode":0,"name":"Shaded","section":"Shading Mode"},"sceneLighting":false,"audioPlay":false,"sceneViewState":{"showFog":false,"showMaterialUpdate":false,"showSkybox":false,"showFlares":false,"showImageEffects":false,"showParticleSystems":false},"in2DMode":false,"pivot":{"x":0.0,"y":0.13128268718719483,"z":0.19268131256103517},"rotation":{"x":-0.16907812654972077,"y":0.535908579826355,"z":-0.11052940040826798,"w":-0.8197547793388367},"size":1.5092569589614869,"orthographic":true}