{"cameraMode":{"drawMode":0,"name":"Shaded","section":"Shading Mode"},"sceneLighting":false,"audioPlay":false,"sceneViewState":{"showFog":false,"showMaterialUpdate":false,"showSkybox":false,"showFlares":false,"showImageEffects":false,"showParticleSystems":false},"in2DMode":false,"pivot":{"x":0.0,"y":0.9164125919342041,"z":-0.06324666738510132},"rotation":{"x":-0.0028831367380917074,"y":-0.2768442928791046,"z":0.0008282054914161563,"w":-0.9609100818634033},"size":4.879819869995117,"orthographic":true}