{"cameraMode":{"drawMode":0,"name":"Shaded","section":"Shading Mode"},"sceneLighting":false,"audioPlay":false,"sceneViewState":{"showFog":false,"showMaterialUpdate":false,"showSkybox":false,"showFlares":false,"showImageEffects":false,"showParticleSystems":false},"in2DMode":false,"pivot":{"x":0.021797895431518556,"y":0.8842692971229553,"z":-0.11204129457473755},"rotation":{"x":0.017087329179048539,"y":0.9821289777755737,"z":-0.1508435308933258,"w":0.11125226318836212},"size":4.807187557220459,"orthographic":false}