{"cameraMode":{"drawMode":0,"name":"Shaded","section":"Shading Mode"},"sceneLighting":false,"audioPlay":false,"sceneViewState":{"showFog":false,"showMaterialUpdate":false,"showSkybox":false,"showFlares":false,"showImageEffects":false,"showParticleSystems":false},"in2DMode":false,"pivot":{"x":20.25725746154785,"y":0.9399771094322205,"z":4.11625337600708},"rotation":{"x":-0.12438450008630753,"y":0.5978256464004517,"z":-0.09457419067621231,"w":-0.7862498760223389},"size":5.75356912612915,"orthographic":true}