{"cameraMode":{"drawMode":0,"name":"Shaded","section":"Shading Mode"},"sceneLighting":false,"audioPlay":false,"sceneViewState":{"showFog":false,"showMaterialUpdate":false,"showSkybox":false,"showFlares":false,"showImageEffects":false,"showParticleSystems":false},"in2DMode":false,"pivot":{"x":3.2775802612304689,"y":1.5786021947860718,"z":-6.98271369934082},"rotation":{"x":-0.024707356467843057,"y":0.9700647592544556,"z":-0.11195245385169983,"w":-0.214080810546875},"size":16.663864135742189,"orthographic":false}