{"cameraMode":{"drawMode":0,"name":"Shaded","section":"Shading Mode"},"sceneLighting":false,"audioPlay":false,"sceneViewState":{"showFog":false,"showMaterialUpdate":false,"showSkybox":false,"showFlares":false,"showImageEffects":false,"showParticleSystems":false},"in2DMode":false,"pivot":{"x":-1.8132734298706055,"y":0.30425187945365908,"z":-2.9765572547912599},"rotation":{"x":0.32316523790359499,"y":-0.6605168581008911,"z":0.38073307275772097,"w":0.5606461763381958},"size":1.480852484703064,"orthographic":true}