{"cameraMode":{"drawMode":0,"name":"Shaded","section":"Shading Mode"},"sceneLighting":false,"audioPlay":false,"sceneViewState":{"showFog":false,"showMaterialUpdate":false,"showSkybox":false,"showFlares":false,"showImageEffects":false,"showParticleSystems":false},"in2DMode":false,"pivot":{"x":12.339004516601563,"y":2.7054848670959474,"z":119.20469665527344},"rotation":{"x":-0.12232683598995209,"y":0.6553680300712586,"z":-0.10872244089841843,"w":-0.7373658418655396},"size":11.11207389831543,"orthographic":false}