{"cameraMode":{"drawMode":0,"name":"Shaded","section":"Shading Mode"},"sceneLighting":false,"audioPlay":false,"sceneViewState":{"showFog":true,"showMaterialUpdate":true,"showSkybox":true,"showFlares":true,"showImageEffects":true,"showParticleSystems":true},"in2DMode":false,"pivot":{"x":-0.012150001712143422,"y":0.08377499878406525,"z":0.762749969959259},"rotation":{"x":-0.006745899561792612,"y":0.9928151369094849,"z":-0.09800750762224198,"w":-0.06831740587949753},"size":0.3321080803871155,"orthographic":false}