{"cameraMode":{"drawMode":0,"name":"Shaded","section":"Shading Mode"},"sceneLighting":false,"audioPlay":false,"sceneViewState":{"showFog":false,"showMaterialUpdate":false,"showSkybox":false,"showFlares":false,"showImageEffects":false,"showParticleSystems":false},"in2DMode":false,"pivot":{"x":56.602291107177737,"y":0.08136427402496338,"z":-120.6910629272461},"rotation":{"x":0.36811965703964236,"y":0.0909857377409935,"z":-0.03623446822166443,"w":0.9246062636375427},"size":12.716827392578125,"orthographic":true}