{"cameraMode":{"drawMode":0,"name":"Shaded","section":"Shading Mode"},"sceneLighting":false,"audioPlay":false,"sceneViewState":{"showFog":false,"showMaterialUpdate":false,"showSkybox":false,"showFlares":false,"showImageEffects":false,"showParticleSystems":false},"in2DMode":false,"pivot":{"x":1.1920928955078126e-7,"y":0.9359689950942993,"z":-0.1180834174156189},"rotation":{"x":0.32953786849975588,"y":-0.2866537570953369,"z":0.10574255883693695,"w":0.893338143825531},"size":5.032409191131592,"orthographic":false}