{"cameraMode":{"drawMode":0,"name":"Shaded","section":"Shading Mode"},"sceneLighting":false,"audioPlay":false,"sceneViewState":{"showFog":false,"showMaterialUpdate":false,"showSkybox":false,"showFlares":false,"showImageEffects":false,"showParticleSystems":false},"in2DMode":false,"pivot":{"x":0.0,"y":0.9972698092460632,"z":0.0000012218952178955079},"rotation":{"x":-0.15806101262569428,"y":-0.28553763031959536,"z":0.047812581062316897,"w":-0.9440333247184753},"size":3.6126155853271486,"orthographic":true}