{"cameraMode":{"drawMode":0,"name":"Shaded","section":"Shading Mode"},"sceneLighting":false,"audioPlay":false,"sceneViewState":{"showFog":false,"showMaterialUpdate":false,"showSkybox":false,"showFlares":false,"showImageEffects":false,"showParticleSystems":false},"in2DMode":false,"pivot":{"x":-1.7881393432617188e-7,"y":0.3787466585636139,"z":3.2782554626464846e-7},"rotation":{"x":0.25462791323661806,"y":0.2963095009326935,"z":-0.08230031281709671,"w":0.9168380498886108},"size":1.9482158422470093,"orthographic":true}