{"cameraMode":{"drawMode":0,"name":"Shaded","section":"Shading Mode"},"sceneLighting":false,"audioPlay":false,"sceneViewState":{"showFog":false,"showMaterialUpdate":false,"showSkybox":false,"showFlares":false,"showImageEffects":false,"showParticleSystems":false},"in2DMode":false,"pivot":{"x":36.35570526123047,"y":0.7826268672943115,"z":-254.3052978515625},"rotation":{"x":0.05195678770542145,"y":-0.9347545504570007,"z":0.15363071858882905,"w":0.31612032651901247},"size":4.930071830749512,"orthographic":true}