{"cameraMode":{"drawMode":0,"name":"Shaded","section":"Shading Mode"},"sceneLighting":false,"audioPlay":false,"sceneViewState":{"showFog":true,"showMaterialUpdate":true,"showSkybox":true,"showFlares":true,"showImageEffects":true,"showParticleSystems":true},"in2DMode":false,"pivot":{"x":0.000915229320526123,"y":-0.030225791037082673,"z":0.4312514662742615},"rotation":{"x":-0.006526445038616657,"y":0.9933341145515442,"z":-0.07254095375537873,"w":-0.08934543281793595},"size":2.913128614425659,"orthographic":false}