{"cameraMode":{"drawMode":0,"name":"Shaded","section":"Shading Mode"},"sceneLighting":false,"audioPlay":false,"sceneViewState":{"showFog":false,"showMaterialUpdate":false,"showSkybox":false,"showFlares":false,"showImageEffects":false,"showParticleSystems":false},"in2DMode":false,"pivot":{"x":2.5127031803131105,"y":0.6981967687606812,"z":-0.020230263471603395},"rotation":{"x":0.014225686900317669,"y":-0.9314271807670593,"z":0.36180099844932558,"w":0.0366203673183918},"size":2.5518648624420168,"orthographic":true}