{"cameraMode":{"drawMode":0,"name":"Shaded","section":"Shading Mode"},"sceneLighting":false,"audioPlay":false,"sceneViewState":{"showFog":false,"showMaterialUpdate":false,"showSkybox":false,"showFlares":false,"showImageEffects":false,"showParticleSystems":false},"in2DMode":false,"pivot":{"x":0.0,"y":0.7329614758491516,"z":-0.00005030632019042969},"rotation":{"x":-0.29328933358192446,"y":0.6297828555107117,"z":-0.2785274088382721,"w":-0.6631571054458618},"size":13.176467895507813,"orthographic":true}