{"cameraMode":{"drawMode":0,"name":"Shaded","section":"Shading Mode"},"sceneLighting":false,"audioPlay":false,"sceneViewState":{"showFog":false,"showMaterialUpdate":false,"showSkybox":false,"showFlares":false,"showImageEffects":false,"showParticleSystems":false},"in2DMode":false,"pivot":{"x":11.060240745544434,"y":4.0023298263549809,"z":12.412077903747559},"rotation":{"x":0.1875939816236496,"y":0.0539124421775341,"z":-0.010310832411050797,"w":0.980711817741394},"size":21.286760330200197,"orthographic":true}