{"cameraMode":{"drawMode":0,"name":"Shaded","section":"Shading Mode"},"sceneLighting":false,"audioPlay":false,"sceneViewState":{"showFog":false,"showMaterialUpdate":false,"showSkybox":false,"showFlares":false,"showImageEffects":false,"showParticleSystems":false},"in2DMode":false,"pivot":{"x":0.0,"y":0.6878136396408081,"z":3.2782554626464846e-7},"rotation":{"x":-0.36690109968185427,"y":-0.14234359562397004,"z":0.05692186951637268,"w":-0.9175411462783814},"size":2.6185104846954347,"orthographic":true}