{"cameraMode":{"drawMode":0,"name":"Shaded","section":"Shading Mode"},"sceneLighting":false,"audioPlay":false,"sceneViewState":{"showFog":true,"showMaterialUpdate":true,"showSkybox":true,"showFlares":true,"showImageEffects":true,"showParticleSystems":true},"in2DMode":false,"pivot":{"x":0.2291872501373291,"y":-0.1305098533630371,"z":5.24014139175415},"rotation":{"x":0.3355926275253296,"y":-0.6296811699867249,"z":0.34727638959884646,"w":0.6085050702095032},"size":5.326393127441406,"orthographic":false}