{"cameraMode":{"drawMode":0,"name":"Shaded","section":"Shading Mode"},"sceneLighting":false,"audioPlay":false,"sceneViewState":{"showFog":false,"showMaterialUpdate":false,"showSkybox":false,"showFlares":false,"showImageEffects":false,"showParticleSystems":false},"in2DMode":false,"pivot":{"x":0.004014372825622559,"y":0.22718560695648194,"z":0.02187412977218628},"rotation":{"x":-0.015415419824421406,"y":0.9833022952079773,"z":-0.15102458000183106,"w":-0.10035207867622376},"size":1.987106442451477,"orthographic":true}