{"cameraMode":{"drawMode":0,"name":"Shaded","section":"Shading Mode"},"sceneLighting":false,"audioPlay":false,"sceneViewState":{"showFog":false,"showMaterialUpdate":false,"showSkybox":false,"showFlares":false,"showImageEffects":false,"showParticleSystems":false},"in2DMode":false,"pivot":{"x":0.0,"y":0.7795333862304688,"z":-0.00005030632019042969},"rotation":{"x":0.31054261326789858,"y":0.5004822015762329,"z":-0.1983894258737564,"w":0.7834044694900513},"size":13.222105979919434,"orthographic":true}