{"cameraMode":{"drawMode":0,"name":"Shaded","section":"Shading Mode"},"sceneLighting":false,"audioPlay":false,"sceneViewState":{"showFog":false,"showMaterialUpdate":false,"showSkybox":false,"showFlares":false,"showImageEffects":false,"showParticleSystems":false},"in2DMode":false,"pivot":{"x":-5.960464477539063e-8,"y":0.3982952833175659,"z":3.2782554626464846e-7},"rotation":{"x":-0.015415419824421406,"y":0.9833022952079773,"z":-0.15102458000183106,"w":-0.10035207867622376},"size":2.355896472930908,"orthographic":true}