{"cameraMode":{"drawMode":0,"name":"Shaded","section":"Shading Mode"},"sceneLighting":false,"audioPlay":false,"sceneViewState":{"showFog":true,"showMaterialUpdate":true,"showSkybox":true,"showFlares":true,"showImageEffects":true,"showParticleSystems":true},"in2DMode":false,"pivot":{"x":-0.0006136186420917511,"y":0.12845174968242646,"z":0.34875166416168215},"rotation":{"x":0.05896783247590065,"y":-0.9407817721366882,"z":0.22455567121505738,"w":0.2470368593931198},"size":1.7309417724609376,"orthographic":false}