{"cameraMode":{"drawMode":0,"name":"Shaded","section":"Shading Mode"},"sceneLighting":false,"audioPlay":false,"sceneViewState":{"showFog":false,"showMaterialUpdate":false,"showSkybox":false,"showFlares":false,"showImageEffects":false,"showParticleSystems":false},"in2DMode":false,"pivot":{"x":56.183597564697269,"y":-0.3446289598941803,"z":-122.62117767333985},"rotation":{"x":0.28236281871795657,"y":0.703498125076294,"z":-0.3697497844696045,"w":0.5372586250305176},"size":1.887953281402588,"orthographic":true}