{"cameraMode":{"drawMode":0,"name":"Shaded","section":"Shading Mode"},"sceneLighting":false,"audioPlay":false,"sceneViewState":{"showFog":false,"showMaterialUpdate":false,"showSkybox":false,"showFlares":false,"showImageEffects":false,"showParticleSystems":false},"in2DMode":false,"pivot":{"x":0.8557367324829102,"y":37.53022766113281,"z":-1.3115708827972413},"rotation":{"x":0.263392835855484,"y":0.21901002526283265,"z":-0.06153346970677376,"w":0.9374819397926331},"size":127.8723373413086,"orthographic":true}