{"cameraMode":{"drawMode":0,"name":"Shaded","section":"Shading Mode"},"sceneLighting":false,"audioPlay":false,"sceneViewState":{"showFog":false,"showMaterialUpdate":false,"showSkybox":false,"showFlares":false,"showImageEffects":false,"showParticleSystems":false},"in2DMode":false,"pivot":{"x":-2.384185791015625e-7,"y":0.1982383131980896,"z":0.9287652969360352},"rotation":{"x":0.4435558021068573,"y":0.5489622950553894,"z":-0.43616852164268496,"w":0.5582613348960877},"size":3.821823835372925,"orthographic":false}