{"cameraMode":{"drawMode":0,"name":"Shaded","section":"Shading Mode"},"sceneLighting":false,"audioPlay":false,"sceneViewState":{"showFog":false,"showMaterialUpdate":false,"showSkybox":false,"showFlares":false,"showImageEffects":false,"showParticleSystems":false},"in2DMode":false,"pivot":{"x":14.045000076293946,"y":-0.21573640406131745,"z":22.96994972229004},"rotation":{"x":0.3400077819824219,"y":0.5402465462684631,"z":-0.2526220977306366,"w":0.7271247506141663},"size":97.85177612304688,"orthographic":false}