{"cameraMode":{"drawMode":0,"name":"Shaded","section":"Shading Mode"},"sceneLighting":false,"audioPlay":false,"sceneViewState":{"showFog":false,"showMaterialUpdate":false,"showSkybox":false,"showFlares":false,"showImageEffects":false,"showParticleSystems":false},"in2DMode":false,"pivot":{"x":33.51802444458008,"y":0.227294921875,"z":21.126998901367189},"rotation":{"x":0.018393564969301225,"y":-0.4822984039783478,"z":0.01012976560741663,"w":0.875755250453949},"size":0.7672721743583679,"orthographic":true}