{"cameraMode":{"drawMode":0,"name":"Shaded","section":"Shading Mode"},"sceneLighting":false,"audioPlay":false,"sceneViewState":{"showFog":false,"showMaterialUpdate":false,"showSkybox":false,"showFlares":false,"showImageEffects":false,"showParticleSystems":false},"in2DMode":false,"pivot":{"x":9.5367431640625e-7,"y":0.6234925389289856,"z":3.2782554626464846e-7},"rotation":{"x":-0.31959179043769839,"y":0.11702678352594376,"z":-0.03974093869328499,"w":-0.9394607543945313},"size":3.3939831256866457,"orthographic":true}