{"cameraMode":{"drawMode":0,"name":"Shaded","section":"Shading Mode"},"sceneLighting":false,"audioPlay":false,"sceneViewState":{"showFog":false,"showMaterialUpdate":false,"showSkybox":false,"showFlares":false,"showImageEffects":false,"showParticleSystems":false},"in2DMode":false,"pivot":{"x":37.349998474121097,"y":0.0,"z":0.07999992370605469},"rotation":{"x":0.02269817516207695,"y":0.9618344306945801,"z":-0.2593708038330078,"w":0.08417888730764389},"size":125.64129638671875,"orthographic":false}