{"cameraMode":{"drawMode":0,"name":"Shaded","section":"Shading Mode"},"sceneLighting":false,"audioPlay":false,"sceneViewState":{"showFog":false,"showMaterialUpdate":false,"showSkybox":false,"showFlares":false,"showImageEffects":false,"showParticleSystems":false},"in2DMode":false,"pivot":{"x":7.581699371337891,"y":-0.21573640406131745,"z":11.719949722290039},"rotation":{"x":0.6789615750312805,"y":0.007708543445914984,"z":-0.007129059638828039,"w":0.7340987920761108},"size":34.329368591308597,"orthographic":false}