{"cameraMode":{"drawMode":0,"name":"Shaded","section":"Shading Mode"},"sceneLighting":false,"audioPlay":false,"sceneViewState":{"showFog":false,"showMaterialUpdate":false,"showSkybox":false,"showFlares":false,"showImageEffects":false,"showParticleSystems":false},"in2DMode":false,"pivot":{"x":1.1299998760223389,"y":-0.18574340641498567,"z":-18.559795379638673},"rotation":{"x":0.6715407967567444,"y":0.03662538528442383,"z":-0.03326898813247681,"w":0.7393137216567993},"size":12.630101203918457,"orthographic":true}