{"cameraMode":{"drawMode":0,"name":"Shaded","section":"Shading Mode"},"sceneLighting":false,"audioPlay":false,"sceneViewState":{"showFog":false,"showMaterialUpdate":false,"showSkybox":false,"showFlares":false,"showImageEffects":false,"showParticleSystems":false},"in2DMode":false,"pivot":{"x":63.30000305175781,"y":127.80000305175781,"z":0.0},"rotation":{"x":0.09048017114400864,"y":0.006255704909563065,"z":0.0005718651227653027,"w":-0.9958785176277161},"size":721.159912109375,"orthographic":true}