{"cameraMode":{"drawMode":0,"name":"Shaded","section":"Shading Mode"},"sceneLighting":false,"audioPlay":false,"sceneViewState":{"showFog":false,"showMaterialUpdate":false,"showSkybox":false,"showFlares":false,"showImageEffects":false,"showParticleSystems":false},"in2DMode":false,"pivot":{"x":-0.0029614269733428957,"y":0.22718560695648194,"z":0.024044692516326906},"rotation":{"x":0.17984940111637116,"y":-0.7829703688621521,"z":0.26372456550598147,"w":0.5339111089706421},"size":1.9800026416778565,"orthographic":true}