{"cameraMode":{"drawMode":0,"name":"Shaded","section":"Shading Mode"},"sceneLighting":false,"audioPlay":false,"sceneViewState":{"showFog":false,"showMaterialUpdate":false,"showSkybox":false,"showFlares":false,"showImageEffects":false,"showParticleSystems":false},"in2DMode":false,"pivot":{"x":3.2775802612304689,"y":1.5786021947860718,"z":-6.98271369934082},"rotation":{"x":-0.12232683598995209,"y":0.6553680300712586,"z":-0.10872244089841843,"w":-0.7373658418655396},"size":16.663864135742189,"orthographic":false}