{"cameraMode":{"drawMode":0,"name":"Shaded","section":"Shading Mode"},"sceneLighting":false,"audioPlay":false,"sceneViewState":{"showFog":false,"showMaterialUpdate":false,"showSkybox":false,"showFlares":false,"showImageEffects":false,"showParticleSystems":false},"in2DMode":false,"pivot":{"x":0.0,"y":1.036722183227539,"z":-0.13810724020004273},"rotation":{"x":0.017087329179048539,"y":0.9821289777755737,"z":-0.1508435308933258,"w":0.11125226318836212},"size":5.644489765167236,"orthographic":false}