{"cameraMode":{"drawMode":0,"name":"Shaded","section":"Shading Mode"},"sceneLighting":false,"audioPlay":false,"sceneViewState":{"showFog":false,"showMaterialUpdate":false,"showSkybox":false,"showFlares":false,"showImageEffects":false,"showParticleSystems":false},"in2DMode":false,"pivot":{"x":-0.029979735612869264,"y":0.1611984521150589,"z":0.03650221228599548},"rotation":{"x":0.08532239496707916,"y":0.9142013192176819,"z":-0.2642659842967987,"w":0.2951602637767792},"size":1.630624771118164,"orthographic":true}