{"cameraMode":{"drawMode":0,"name":"Shaded","section":"Shading Mode"},"sceneLighting":false,"audioPlay":false,"sceneViewState":{"showFog":false,"showMaterialUpdate":false,"showSkybox":false,"showFlares":false,"showImageEffects":false,"showParticleSystems":false},"in2DMode":false,"pivot":{"x":-4.76837158203125e-7,"y":0.07733738422393799,"z":-0.000001430511474609375},"rotation":{"x":-0.29328933358192446,"y":0.6297828555107117,"z":-0.2785274088382721,"w":-0.6631571054458618},"size":12.714953422546387,"orthographic":true}