{"cameraMode":{"drawMode":0,"name":"Shaded","section":"Shading Mode"},"sceneLighting":false,"audioPlay":false,"sceneViewState":{"showFog":false,"showMaterialUpdate":false,"showSkybox":false,"showFlares":false,"showImageEffects":false,"showParticleSystems":false},"in2DMode":false,"pivot":{"x":-0.01860874891281128,"y":0.3430044651031494,"z":-0.01025979220867157},"rotation":{"x":-0.15806101262569428,"y":-0.28553763031959536,"z":0.047812581062316897,"w":-0.9440333247184753},"size":2.4133851528167726,"orthographic":true}