{"cameraMode":{"drawMode":0,"name":"Shaded","section":"Shading Mode"},"sceneLighting":false,"audioPlay":false,"sceneViewState":{"showFog":true,"showMaterialUpdate":true,"showSkybox":true,"showFlares":true,"showImageEffects":true,"showParticleSystems":true},"in2DMode":false,"pivot":{"x":0.8560252785682678,"y":2.157635450363159,"z":-4.209965705871582},"rotation":{"x":0.21185171604156495,"y":0.0612126886844635,"z":-0.01330572459846735,"w":0.9752922058105469},"size":0.40010392665863039,"orthographic":false}