{"cameraMode":{"drawMode":0,"name":"Shaded","section":"Shading Mode"},"sceneLighting":false,"audioPlay":false,"sceneViewState":{"showFog":false,"showMaterialUpdate":false,"showSkybox":false,"showFlares":false,"showImageEffects":false,"showParticleSystems":false},"in2DMode":false,"pivot":{"x":-1.121337890625,"y":-0.502685546875,"z":0.558349609375},"rotation":{"x":0.31054261326789858,"y":0.5004822015762329,"z":-0.1983894258737564,"w":0.7834044694900513},"size":1.8699440956115723,"orthographic":true}