{"cameraMode":{"drawMode":0,"name":"Shaded","section":"Shading Mode"},"sceneLighting":false,"audioPlay":false,"sceneViewState":{"showFog":false,"showMaterialUpdate":false,"showSkybox":false,"showFlares":false,"showImageEffects":false,"showParticleSystems":false},"in2DMode":false,"pivot":{"x":-1.0106310844421387,"y":1.6599998474121094,"z":-3.47444224357605},"rotation":{"x":-0.00008041985711315647,"y":0.9998020529747009,"z":-0.003893183311447501,"w":-0.019513903185725213},"size":7.398270130157471,"orthographic":true}