{"cameraMode":{"drawMode":0,"name":"Shaded","section":"Shading Mode"},"sceneLighting":false,"audioPlay":false,"sceneViewState":{"showFog":false,"showMaterialUpdate":false,"showSkybox":false,"showFlares":false,"showImageEffects":false,"showParticleSystems":false},"in2DMode":false,"pivot":{"x":-7.0,"y":-0.1443948745727539,"z":-0.00005030632019042969},"rotation":{"x":0.3515767455101013,"y":0.54209965467453,"z":-0.26650068163871767,"w":0.7151917219161987},"size":12.639263153076172,"orthographic":true}